Event Name,Date,Time,Location,Venue Name,Age Group,Price,Organizer Name,Organizer Instagram,Organizer Phone/DM,Source,Status
Circle Time at Áura Montessori,3 Oct 2026,Saturday,Koramangala,Áura Montessori,1–6 years,"Rs 6,000",Áura Montessori,@the_two_messy_hands,DM @the_two_messy_hands,Instagram,Listed
Couples Pottery Workshop,3 Oct 2026,See post,Bengaluru,Couples Pottery Workshop,3+ years,,AllEvents,,,allevents.in,Listed
Art Play at Eravoo,3 Oct 2026 – 31 Oct 2026,"Saturdays 10:00 AM – 12:00 PM (3, 17 & 31 Oct)",Jayanagar,Eravoo,3+ years,"Rs 6,000 / month",Eravoo Centre of Learning,@eravoo.blr,DM @eravoo.blr,Instagram,Listed
International Clown Festival,3 Oct 2026,3:00 PM – 5:00 PM,Richmond Town,Good Shepherd Auditorium,3+ years,,International Clown Festival,,,allevents.in,Listed
Bangalore Kids Events,10 Oct 2026,See post,Bengaluru,happeningnext,2+ years,,happeningnext,,,happeningnext.com,Listed
"Kids Events Happening Next in Bangalore, KA",10 Oct 2026,See post,Bengaluru,happeningnext,2+ years,,happeningnext,,,happeningnext.com,Listed
"Inr 99 To 1,899 Kids",16 Oct 2026,06:00 PM,MG Road,30 pm 9th Main Rd,2+ years,,stayhappening,,,stayhappening.com,Listed
"Kids Inr 99 To 1,899",16 Oct 2026,7PM,Bengaluru,happeningnext,2+ years,,happeningnext,,,happeningnext.com,Listed
Children's Day Carnival,4 Nov 2026,See post,Whitefield,Whitefield Main Road,2+ years,,Vrbengaluru,@vrbengaluru,DM @vrbengaluru,vrbengaluru.com,Listed
"A perfect blend of play, art, and discovery",7 Nov 2026,6:00 PM,Bengaluru,Ground Floor,3+ years,,BookMyShow,,,BookMyShow,Listed
Trips-adventures Free,15 Nov 2026,See post,BTM Layout,happeningnext,3+ years,Free,happeningnext,,,happeningnext.com,Listed
Little Beats Festival,15 Nov 2026,12 PM–3 PM or 4 PM–7 PM,Jayanagar,Kalyani Kala Mandir,1–6 years,From Rs 399,Little Beats Festival,@littlebeatsfestival,9000304909,Instagram,Listed
Little Beats Festival,15 Nov 2026,12 PM,Jayanagar,9488 Top Funkaari Bag Manufacturers in Bangalore,1–6 years,Rs 399,Funkaari,@funkaari,DM @funkaari,funkaari.co.in,Listed
"KLAY - Best Preschools, Nursery, Kindergarten & Daycare in Bangalore",29 Nov 2026,See post,Kalyanagar,Service Road,2+ years,,Klay,@klay,DM @klay,klay.co.in,Listed
